id;fingerprint;origen;resumen;payload;recibida_en;procesada;servicio_id
1;beside curly;HEALTHCHECK;triumphantly brr;for weep productive;2023-12-04T12:10:30;true;1
2;sweatshop;CLOUDWATCH;through although;naturally inside;2023-12-04T14:53:52;false;2
3;typify evil;MANUAL;which lest ravioli;reckless humiliating outgoing;2023-12-04T21:38:12;true;3
4;pace meanwhile muted;CLOUDWATCH;mixed;victoriously improbable ack;2023-12-04T02:11:59;true;4
5;indelible oof;MANUAL;lest connect woot;case reprove on;2023-12-04T18:59:24;true;5
6;when;MANUAL;beneath hydrant;toward yuck spiteful;2023-12-04T18:00:16;true;6
7;publication although;DATADOG;timely soap nauseate;blah woefully pertain;2023-12-04T06:35:51;false;7
8;once;DATADOG;greedily beside;whereas;2023-12-04T12:06:09;true;8
9;ew lest;MANUAL;crowded nor folklore;cinch;2023-12-04T03:57:29;true;9
10;square;MANUAL;faithfully pant;dreamily;2023-12-04T16:16:48;true;10
11;mom delightfully glittering;PROMETHEUS;intend bid;spectate garage so;2023-12-04T19:59:54;false;11
12;list yippee fatally;MANUAL;if boring;leading talkative;2023-12-03T23:29:59;false;12
13;profane cheap;DATADOG;whereas majestic;toothpick;2023-12-04T08:00:04;false;13
14;legitimize parsnip;CLOUDWATCH;smoothly failing;gosh instantly painfully;2023-12-04T07:35:54;true;14
15;badly;MANUAL;brr;even markup;2023-12-04T06:32:11;true;15
16;livid phooey;DATADOG;without;breed dull;2023-12-04T00:08:58;true;16
17;eggplant awkwardly phooey;HEALTHCHECK;readily;easy tenderly;2023-12-04T02:13:09;true;17
18;before;PROMETHEUS;if weakly;ack jump;2023-12-04T01:24:50;true;18
19;platypus now;DATADOG;painfully and straw;geez geez;2023-12-04T09:57:58;true;19
20;thick ultimately;DATADOG;huge co-producer excepting;kookily under;2023-12-04T02:26:29;true;20
21;moisten strong scuttle;HEALTHCHECK;detain sleepily;stiffen;2023-12-04T12:37:11;true;21
22;descendant bah insolence;HEALTHCHECK;blah;supposing;2023-12-04T11:13:46;false;22
23;hence although;MANUAL;on;why wherever consequently;2023-12-04T11:01:15;false;23
24;er compete;DATADOG;curl;rubbery too since;2023-12-04T14:14:19;false;24
25;elegantly whose who;HEALTHCHECK;worth;gazebo quinoa drat;2023-12-04T00:27:51;false;25
26;baritone knavishly rim;MANUAL;amongst doodle;gosh righteously ah;2023-12-04T06:22:25;false;26
27;taxicab;DATADOG;hastily;lecture graceful unfortunately;2023-12-04T09:11:31;false;27
28;outrun;PROMETHEUS;yet;pronoun ornery;2023-12-04T09:25:14;true;28
29;astride;PROMETHEUS;importance huzzah remand;yum till;2023-12-04T03:13:10;false;29
30;except quixotic;PROMETHEUS;or impressionable;perfumed iterate airport;2023-12-04T16:13:19;false;30
