id;peso;descripcion;dependiente_id;origen_id
1;DEGRADA;forgery a whopping;1;1
2;NO_AFECTA;brr huzzah;2;2
3;ROMPE;if though;3;3
4;NO_AFECTA;volleyball;4;4
5;ROMPE;eek admired self-reliant;5;5
6;DEGRADA;see with honored;6;6
7;NO_AFECTA;gripping circular for;7;7
8;DEGRADA;meaningfully;8;8
9;ROMPE;iridescence which disrespect;9;9
10;AFECTA;nab dream heavily;10;10
11;NO_AFECTA;stay quietly saturate;11;11
12;AFECTA;colorfully;12;12
13;DEGRADA;premium unless;13;13
14;DEGRADA;imaginary;14;14
15;AFECTA;out crossly league;15;15
16;DEGRADA;convection;16;16
17;AFECTA;psst;17;17
18;NO_AFECTA;cautiously knowingly;18;18
19;NO_AFECTA;how;19;19
20;NO_AFECTA;vibrant adumbrate concerning;20;20
21;AFECTA;lest inquisitively intellect;21;21
22;ROMPE;uniform;22;22
23;NO_AFECTA;forgo electrify;23;23
24;AFECTA;bank stunning;24;24
25;DEGRADA;language;25;25
26;DEGRADA;fellow however;26;26
27;ROMPE;belabor;27;27
28;AFECTA;stealthily meh;28;28
29;ROMPE;dimly navigate present;29;29
30;DEGRADA;but including;30;30
