id;severidad;desde;hasta;incidente_id;servicio_id;dependencia_id
1;SEV1;2023-12-04T19:09:25;2023-12-04T15:25:46;1;1;1
2;SEV4;2023-12-03T23:13:00;2023-12-04T12:06:33;2;2;2
3;SEV1;2023-12-04T18:47:22;2023-12-04T21:24:19;3;3;3
4;SEV4;2023-12-04T02:28:39;2023-12-04T17:20:48;4;4;4
5;SEV4;2023-12-04T08:11:53;2023-12-04T17:53:06;5;5;5
6;SEV4;2023-12-04T01:58:57;2023-12-04T12:46:45;6;6;6
7;SEV1;2023-12-04T21:36:08;2023-12-04T14:00:48;7;7;7
8;SEV3;2023-12-04T18:20:29;2023-12-04T08:04:26;8;8;8
9;SEV2;2023-12-04T08:26:56;2023-12-04T10:45:46;9;9;9
10;SEV1;2023-12-03T22:50:00;2023-12-04T08:06:22;10;10;10
11;SEV3;2023-12-04T08:20:24;2023-12-04T15:05:38;11;11;11
12;SEV2;2023-12-04T19:42:08;2023-12-04T02:35:05;12;12;12
13;SEV2;2023-12-04T16:25:47;2023-12-04T10:37:25;13;13;13
14;SEV1;2023-12-04T12:38:06;2023-12-04T07:34:41;14;14;14
15;SEV1;2023-12-04T10:32:08;2023-12-04T14:00:13;15;15;15
16;SEV1;2023-12-04T11:12:42;2023-12-04T09:31:06;16;16;16
17;SEV1;2023-12-04T01:02:58;2023-12-04T11:31:40;17;17;17
18;SEV1;2023-12-04T05:26:04;2023-12-04T03:08:52;18;18;18
19;SEV4;2023-12-04T19:36:13;2023-12-04T05:55:15;19;19;19
20;SEV4;2023-12-04T02:59:34;2023-12-04T02:14:25;20;20;20
21;SEV4;2023-12-04T00:32:38;2023-12-04T06:03:36;21;21;21
22;SEV3;2023-12-04T20:26:03;2023-12-04T10:58:14;22;22;22
23;SEV2;2023-12-04T00:27:43;2023-12-04T11:43:17;23;23;23
24;SEV4;2023-12-04T19:29:23;2023-12-04T07:27:30;24;24;24
25;SEV4;2023-12-04T09:39:49;2023-12-04T09:51:41;25;25;25
26;SEV1;2023-12-03T23:58:35;2023-12-04T15:08:59;26;26;26
27;SEV2;2023-12-04T15:16:30;2023-12-04T13:46:55;27;27;27
28;SEV1;2023-12-04T11:08:23;2023-12-04T09:56:03;28;28;28
29;SEV2;2023-12-04T22:12:13;2023-12-04T08:09:34;29;29;29
30;SEV1;2023-12-04T10:25:42;2023-12-04T18:27:29;30;30;30
