id;volvio_critico_en;motivo;servicio_id
1;2023-12-04T16:50:14;hurtful;1
2;2023-12-04T05:39:43;whereas eventually worth;2
3;2023-12-04T08:48:02;hungrily well-lit meaningfully;3
4;2023-12-04T18:35:58;grouchy airline;4
5;2023-12-04T08:58:56;mortally;5
6;2023-12-04T03:13:04;stage;6
7;2023-12-04T04:58:00;obnoxiously far-flung through;7
8;2023-12-04T14:06:33;christen ah;8
9;2023-12-04T04:52:22;curry insidious;9
10;2023-12-04T20:35:15;phooey as;10
11;2023-12-04T03:07:12;minus;11
12;2023-12-04T00:18:01;misappropriate even bah;12
13;2023-12-04T04:32:52;bah till;13
14;2023-12-04T21:42:44;during incidentally;14
15;2023-12-04T10:26:17;beret;15
16;2023-12-04T19:01:13;yippee amidst;16
17;2023-12-04T13:54:39;motor loudly lace;17
18;2023-12-04T17:40:26;webbed wherever an;18
19;2023-12-04T18:50:54;jumbo into;19
20;2023-12-04T11:44:24;fishery relative;20
21;2023-12-04T12:19:56;till;21
22;2023-12-04T16:38:26;the;22
23;2023-12-04T06:43:23;priesthood;23
24;2023-12-04T14:40:37;whimsical until untried;24
25;2023-12-04T17:26:42;ah;25
26;2023-12-04T21:54:31;round;26
27;2023-12-04T01:42:50;oof while;27
28;2023-12-04T16:51:31;pro tame realistic;28
29;2023-12-04T12:30:12;excluding;29
30;2023-12-03T23:25:24;within teammate;30
